Tp (K);m/m0 exp;m/m0 cal
318.634,1.0005891,1.0
319.134,1.0005654,0.9999971980434189
319.634,1.0005654,0.9999943499179379
320.134,1.0004943,0.9999914550089161
320.634,1.000518,0.9999885126956073
321.134,1.000518,0.9999855223511184
321.634,1.0004706,0.9999824833423688
322.134,1.0004232,0.9999793950300484
322.634,1.0004469,0.999976256768576
323.134,1.0004469,0.999973067906057
323.634,1.0004232,0.9999698277842402
324.134,1.0004469,0.9999665357384753
324.634,1.0004232,0.9999631910976687
325.134,1.0004232,0.99995979318424
325.634,1.0003995,0.9999563413140767
326.134,1.0004232,0.9999528347964898
326.634,1.0004232,0.9999492729341678
327.134,1.0004469,0.9999456550231306
327.634,1.0003995,0.999941980352683
328.134,1.0003521,0.9999382482053669
328.634,1.0003521,0.9999344578569141
329.134,1.0003995,0.9999306085761968
329.634,1.0004469,0.9999266996251791
330.134,1.0003995,0.9999227302588668
330.634,1.0004943,0.9999186997252565
331.134,1.0005417,0.9999146072652846
331.634,1.0005891,0.9999104521127746
332.134,1.0005891,0.9999062334943849
332.634,1.0005891,0.9999019506295539
333.134,1.0006602,0.999897602730446
333.634,1.0005891,0.9998931890018958
334.134,1.0004706,0.9998887086413515
334.634,1.0003995,0.9998841608388173
335.134,1.0003758,0.9998795447767947
335.634,1.0003521,0.9998748596302237
336.134,1.0003521,0.9998701045664207
336.634,1.0003995,0.9998652787450177
337.134,1.0004469,0.9998603813178993
337.634,1.0004469,0.9998554114291379
338.134,1.0004469,0.9998503682149285
338.634,1.0003521,0.9998452508035216
339.134,1.0002099,0.9998400583151561
339.634,1.000044,0.9998347898619883
340.134,1.000044,0.9998294445480218
340.634,0.9999966,0.9998240214690349
341.134,0.9999966,0.9998185197125061
341.634,1.0000203,0.9998129383575388
342.134,1.0000914,0.9998072764747838
342.634,1.0000677,0.9998015331263604
343.134,1.0000677,0.9997957073657752
343.634,1.0000677,0.9997897982378394
344.134,1.0000203,0.9997838047785845
344.634,0.9999966,0.9997777260151752
345.134,0.9999492,0.9997715609658212
345.634,0.9998781,0.999765308639686
346.134,0.9999018,0.9997589680367941
346.634,0.9999492,0.9997525381479354
347.134,0.9999255,0.9997460179545683
347.634,0.9999018,0.9997394064287192
348.134,0.9998307,0.9997327025328798
348.634,0.999807,0.9997259052199023
349.134,0.9998781,0.999719013432892
349.634,0.9999018,0.9997120261050958
350.134,0.9998781,0.9997049421597893
350.634,0.9998781,0.9996977605101612
351.134,0.9998781,0.9996904800591928
351.634,0.9998544,0.9996830996995362
352.134,0.9998544,0.9996756183133884
352.634,0.9998544,0.9996680347723622
353.134,0.999807,0.9996603479373541
353.634,0.9997833,0.9996525566584078
354.134,0.9997596,0.9996446597745747
354.634,0.9997596,0.9996366561137705
355.134,0.9997833,0.9996285444926278
355.634,0.999807,0.999620323716345
356.134,0.9997833,0.99961199257853
356.634,0.9997596,0.9996035498610413
357.134,0.9997596,0.9995949943338237
357.634,0.9996885,0.999586324754739
358.134,0.9996885,0.9995775398693935
358.634,0.9997122,0.999568638410959
359.134,0.9996648,0.9995596190999905
359.634,0.9996174,0.9995504806442371
360.134,0.9996885,0.9995412217384498
360.634,0.999807,0.999531841064181
361.134,0.9998544,0.9995223372895814
361.634,0.9998781,0.9995127090691891
362.134,0.9999492,0.9995029550437139
362.634,0.9999492,0.9994930738398149
363.134,0.9999255,0.9994830640698721
363.634,0.9999729,0.9994729243317518
364.134,0.9999729,0.9994626532085651
364.634,0.9999492,0.9994522492684192
365.134,0.9999255,0.9994417110641629
365.634,0.9999255,0.9994310371331233
366.134,0.9999018,0.9994202259968368
366.634,0.9999492,0.9994092761607707
367.134,0.9999492,0.999398186114039
367.634,0.9999018,0.9993869543291077
368.134,0.9999966,0.9993755792614947
368.634,1.0000677,0.9993640593494582
369.134,1.0001151,0.9993523930136787
369.634,1.0001151,0.9993405786569312
370.134,1.0001862,0.9993286146637477
370.634,1.0002336,0.9993164994000707
371.134,1.000281,0.9993042312128976
371.634,1.0002336,0.9992918084299133
372.134,1.0001862,0.9992792293591146
372.634,1.0001625,0.9992664922884228
373.134,1.0001862,0.9992535954852857
373.634,1.0001862,0.9992405371962686
374.134,1.0001625,0.9992273156466339
374.634,1.0001388,0.999213929039909
375.134,1.0001151,0.9992003755574423
375.634,1.0000677,0.9991866533579463
376.134,1.0000203,0.9991727605770288
376.634,0.9999729,0.99915869532671
377.134,0.9999966,0.9991444556949286
377.634,0.9999966,0.999130039745031
378.134,0.9999966,0.9991154455152492
378.634,0.9999729,0.9991006710181629
379.134,0.9999018,0.9990857142401471
379.634,0.9999255,0.999070573140805
380.134,0.9999492,0.9990552456523851
380.634,0.9999729,0.999039729679182
381.134,0.9999492,0.999024023096922
381.634,0.9999966,0.9990081237521306
382.134,1.0000203,0.9989920294614845
382.634,1.0000677,0.9989757380111445
383.134,1.0000914,0.9989592471560711
383.634,1.000044,0.9989425546193224
384.134,0.9999966,0.9989256580913318
384.634,0.9999729,0.9989085552291672
385.134,0.9998781,0.9988912436557703
385.634,0.9998544,0.998873720959176
386.134,0.9998781,0.9988559846917098
386.634,0.9999018,0.9988380323691652
387.134,0.9998781,0.9988198614699594
387.634,0.9998544,0.9988014694342654
388.134,0.9998307,0.9987828536631226
388.634,0.9999018,0.9987640115175236
389.134,0.9999729,0.998744940317477
389.634,0.9999255,0.998725637341046
390.134,0.9998781,0.9987060998233619
390.634,0.9998307,0.9986863249556113
391.134,0.9998544,0.9986663098839991
391.634,0.9998544,0.9986460517086818
392.134,0.9998307,0.9986255474826763
392.634,0.9998307,0.9986047942107388
393.134,0.9998307,0.9985837888482152
393.634,0.9999018,0.9985625282998634
394.134,0.9999492,0.9985410094186441
394.634,0.9999729,0.9985192290044825
395.134,0.9999018,0.998497183802997
395.634,0.9998307,0.9984748705041973
396.134,0.999807,0.9984522857411486
396.634,0.9997833,0.9984294260886043
397.134,0.9996411,0.9984062880616016
397.634,0.99957,0.998382868114025
398.134,0.9995463,0.9983591626371322
398.634,0.9995463,0.9983351679580449
399.134,0.99957,0.9983108803382011
399.634,0.9995226,0.998286295971771
400.134,0.9994752,0.9982614109840316
400.634,0.9994041,0.9982362214297051
401.134,0.999333,0.998210723291253
401.634,0.9992856,0.9981849124771323
402.134,0.9992856,0.9981587848200066
402.634,0.9992856,0.9981323360749171
403.134,0.9992856,0.9981055619174064
403.634,0.9993093,0.9980784579416
404.134,0.9993093,0.9980510196582411
404.634,0.9992856,0.9980232424926782
405.134,0.9992145,0.9979951217828064
405.634,0.9991197,0.9979666527769581
406.134,0.9990723,0.9979378306317467
406.634,0.9990012,0.9979086504098571
407.134,0.9989538,0.9978791070777866
407.634,0.9989775,0.9978491955035321
408.134,0.9990486,0.9978189104542244
408.634,0.9990723,0.9977882465937079
409.134,0.9990723,0.9977571984800636
409.634,0.9989775,0.9977257605630763
410.134,0.9989538,0.9976939271816443
410.634,0.9989301,0.997661692561129
411.134,0.9989538,0.9976290508106453
411.634,0.9989538,0.9975959959202909
412.134,0.9989301,0.9975625217583127
412.634,0.9989064,0.9975286220682104
413.134,0.9988116,0.997494290465775
413.634,0.9987168,0.9974595204360625
414.134,0.998622,0.9974243053302992
414.634,0.9985508,0.9973886383627201
415.134,0.9985745,0.9973525126073374
415.634,0.9986694,0.9973159209946386
416.134,0.9986931,0.9972788563082131
416.634,0.9987168,0.9972413111813047
417.134,0.9987642,0.9972032780932911
417.634,0.9987642,0.9971647493660878
418.134,0.9987405,0.9971257171604738
418.634,0.9986931,0.9970861734723405
419.134,0.9985982,0.9970461101288612
419.634,0.9985271,0.9970055187845793
420.134,0.9984797,0.9969643909174148
420.634,0.998456,0.9969227178245876
421.134,0.9984086,0.996880490618456
421.634,0.9983375,0.9968377002222694
422.134,0.9982664,0.9967943373658334
422.634,0.9983138,0.9967503925810876
423.134,0.9982427,0.9967058561975908
423.634,0.9982664,0.9966607183379178
424.134,0.9982901,0.9966149689129619
424.634,0.9982427,0.9965685976171437
425.134,0.9981953,0.9965215939235247
425.634,0.9980294,0.9964739470788245
426.134,0.9979109,0.9964256460983392
426.634,0.9977924,0.9963766797607614
427.134,0.9976976,0.9963270366028987
427.634,0.9977213,0.996276704914291
428.134,0.997745,0.9962256727317234
428.634,0.9976265,0.9961739278336355
429.134,0.9975554,0.9961214577344238
429.634,0.9974843,0.996068249678638
430.134,0.9973184,0.9960142906350676
430.634,0.9971525,0.9959595672907189
431.134,0.9969866,0.995904066044682
431.634,0.9969392,0.9958477730018839
432.134,0.9969155,0.9957906739667296
432.634,0.9968918,0.9957327544366278
433.134,0.9968207,0.9956739995954003
433.634,0.9967496,0.9956143943065756
434.134,0.9966074,0.9955539231065631
434.634,0.9965363,0.9954925701977094
435.134,0.9964889,0.995430319441234
435.634,0.9964177,0.9953671543500422
436.134,0.9963229,0.995303058081419
436.634,0.9962281,0.9952380134295971
437.134,0.9961333,0.9951720028182021
437.634,0.9960148,0.9951050082925732
438.134,0.9958489,0.9950370115119574
438.634,0.9957304,0.9949679937415785
439.134,0.9955882,0.9948979358445781
439.634,0.9953749,0.9948268182738299
440.134,0.9951616,0.9947546210636256
440.634,0.994972,0.9946813238212323
441.134,0.9948535,0.9946069057183211
441.634,0.9947113,0.9945313454822662
442.134,0.9945454,0.9944546213873153
442.634,0.9944032,0.9943767112456295
443.134,0.9942135,0.9942975923981945
443.634,0.9940476,0.994217241705602
444.134,0.9938817,0.9941356355387015
444.634,0.993621,0.9940527497691234
445.134,0.9934077,0.9939685597596735
445.634,0.9931944,0.9938830403545991
446.134,0.9930048,0.993796165869728
446.634,0.9927915,0.9937079100824804
447.134,0.9925308,0.9936182462217557
447.634,0.9922938,0.9935271469576935
448.134,0.9919856,0.9934345843913127
448.634,0.9918434,0.9933405300440273
449.134,0.9917249,0.9932449548470419
449.634,0.9915827,0.993147829130629
450.134,0.9914168,0.9930491226132896
450.634,0.9912509,0.9929488043907977
451.134,0.9910139,0.9928468429251338
451.634,0.9907769,0.9927432060333088
452.134,0.9904688,0.9926378608760792
452.634,0.9902081,0.9925307739465595
453.134,0.9899473,0.992421911058734
453.634,0.9897577,0.9923112373358696
454.134,0.9894733,0.9921987171988367
454.634,0.9892126,0.9920843143543396
455.134,0.9889045,0.9919679917830615
455.634,0.9886675,0.991849711727729
456.134,0.9884305,0.9917294356811004
456.634,0.988312,0.991607124373884
457.134,0.9881461,0.9914827377625905
457.634,0.9879091,0.9913562350173267
458.134,0.9876483,0.9912275745095352
458.634,0.9873402,0.9910967137996893
459.134,0.9870558,0.9909636096249469
459.634,0.9867951,0.9908282178867729
460.134,0.986487,0.9906904936385378
460.634,0.9861789,0.9905503910730986
461.134,0.9858708,0.9904078635103747
461.634,0.9856338,0.9902628633849224
462.134,0.9853256,0.9901153422335234
462.634,0.9850649,0.989965250682792
463.134,0.9847331,0.9898125384368163
463.634,0.9844013,0.9896571542648401
464.134,0.9840932,0.989499045989001
464.634,0.9838562,0.9893381604721325
465.134,0.9836666,0.9891744436056485
465.634,0.9835007,0.9890078402975172
466.134,0.9832873,0.9888382944603427
466.634,0.9830503,0.9886657489995673
467.134,0.9828133,0.9884901458018088
467.634,0.9824578,0.9883114257233508
468.134,0.982126,0.9881295285787991
468.634,0.9816757,0.9879443931299244
469.134,0.981249,0.9877559570747075
469.634,0.9807513,0.9875641570366065
470.134,0.9803958,0.9873689285540626
470.634,0.9801351,0.987170206070269
471.134,0.9798981,0.9869679229232198
471.634,0.9796848,0.9867620113360615
472.134,0.9793767,0.9865524024077705
472.634,0.9790685,0.986339026104179
473.134,0.9787604,0.9861218112493726
473.634,0.978476,0.9859006855174861
474.134,0.9781205,0.9856755754249218
474.634,0.9778361,0.9854464063230169
475.134,0.9774806,0.9852131023911901
475.634,0.9770777,0.9849755866305904
476.134,0.9768643,0.9847337808582841
476.634,0.9766984,0.9844876057020052
477.134,0.9765088,0.9842369805955018
477.634,0.9762718,0.9839818237745127
478.134,0.97594,0.9837220522734037
478.634,0.9756319,0.9834575819225014
479.134,0.975229,0.9831883273461567
479.634,0.9748735,0.9829142019615754
480.134,0.9746127,0.9826351179784536
480.634,0.9743757,0.982350986399454
481.134,0.9741624,0.9820617170215634
481.634,0.9738069,0.9817672184383722
482.134,0.9734277,0.9814673980433152
482.634,0.9730485,0.9811621620339155
483.134,0.9726693,0.9808514154170773
483.634,0.9723611,0.9805350620154684
484.134,0.9720293,0.980213004475037
484.634,0.9717212,0.9798851442737126
485.134,0.9713894,0.9795513817313332
485.634,0.9710813,0.9792116160208465
486.134,0.9706784,0.9788657451808389
486.634,0.970228,0.9785136661294329
487.134,0.9697303,0.9781552746796107
487.634,0.96928,0.9777904655560099
488.134,0.9689719,0.9774191324132435
488.634,0.9686875,0.9770411678557988
489.134,0.9684742,0.9766564634595631
489.634,0.9682608,0.9762649097950351
490.134,0.9679764,0.9758663964522689
490.634,0.9675972,0.9754608120676111
491.134,0.9672891,0.9750480443522809
491.634,0.9669336,0.9746279801228492
492.134,0.9665307,0.9742005053336711
492.634,0.9660803,0.9737655051113275
493.134,0.9654878,0.9733228637911281
493.634,0.9648716,0.9728724649557333
494.134,0.9643739,0.9724141914759464
494.634,0.9639947,0.9719479255537313
495.134,0.9637102,0.9714735487675092
495.634,0.963331,0.9709909421197853
496.134,0.9630703,0.970499986087159
496.634,0.9627622,0.9700005606727666
497.134,0.9624067,0.9694925454612069
497.634,0.9618616,0.9689758196759979
498.134,0.9612453,0.9684502622396102
498.634,0.9606528,0.9679157518361234
499.134,0.9602262,0.9673721669765465
499.634,0.9597048,0.9668193860668444
500.134,0.9592307,0.9662572874787082
500.634,0.9587567,0.9656857496231057
501.134,0.9582116,0.9651046510266424
501.634,0.9578087,0.9645138704107656
502.134,0.9574294,0.9639132867738355
502.634,0.9570502,0.9633027794760869
503.134,0.9567658,0.9626822283274986
503.634,0.956434,0.9620515136785862
504.134,0.9561022,0.9614105165141252
504.634,0.9555808,0.9607591185498116
505.134,0.9549408,0.9600972023318564
505.634,0.9543009,0.9594246513395097
506.134,0.9537795,0.9587413500904999
506.634,0.9532107,0.9580471842493695
507.134,0.9525707,0.9573420407386829
507.634,0.9518834,0.9566258078530706
508.134,0.9511724,0.9558983753760728
508.634,0.9505324,0.9551596346997301
509.134,0.9499873,0.9544094789468675
509.634,0.9495133,0.9536478030960046
510.134,0.9489682,0.9528745041088176
510.634,0.9483993,0.9520894810600681
511.134,0.9477357,0.9512926352699054
511.634,0.947001,0.9504838704384367
512.134,0.9463136,0.9496630927824485
512.634,0.9456263,0.9488302111741542
513.134,0.9449153,0.9479851372818272
513.634,0.9442042,0.947127785712169
514.134,0.943588,0.9462580741542503
514.634,0.9430429,0.9453759235248455
515.134,0.9424267,0.9444812581149739
515.634,0.9417867,0.9435740057374431
516.134,0.9410994,0.942654097875176
516.634,0.9403884,0.9417214698300911
517.134,0.9396299,0.9407760608722888
517.634,0.9388715,0.9398178143892824
518.134,0.9379945,0.938846678034996
518.634,0.9370465,0.937862603878239
519.134,0.9361696,0.9368655485503479
519.634,0.9352926,0.9358554733916712
520.134,0.9345105,0.9348323445965598
520.634,0.9337047,0.9337961333565055
521.134,0.9329225,0.9327468160010562
521.634,0.932093,0.9316843741361222
522.134,0.9311923,0.9306087947792658
522.634,0.9303628,0.9295200704915617
523.134,0.9295333,0.9284181995055862
523.634,0.9285378,0.9273031858490923
524.134,0.9276846,0.9261750394639
524.634,0.9267365,0.9250337763195287
525.134,0.9258122,0.9238794185210738
525.634,0.9248167,0.9227119944108262
526.134,0.9239635,0.9215315386631121
526.634,0.9231814,0.9203380923718266
527.134,0.9223044,0.9191317031301187
527.634,0.9212379,0.9179124251016774
528.134,0.9201239,0.9166803190830601
528.634,0.91901,0.9154354525564982
529.134,0.9180382,0.9141778997326053
529.634,0.9171139,0.9129077415824132
530.134,0.9162132,0.9116250658581562
530.634,0.9152415,0.9103299671022222
531.134,0.9142461,0.9090225466436913
531.634,0.9131084,0.9077029125818841
532.134,0.9120418,0.9063711797563478
532.634,0.9111175,0.9050274697027165
533.134,0.9101695,0.9036719105938855
533.634,0.9091977,0.9023046371659607
534.134,0.9080601,0.9009257906284496
534.634,0.906875,0.8995355185581859
535.134,0.9058559,0.8981339747764909
535.634,0.9047893,0.8967213192091071
536.134,0.9037939,0.8952977177284592
536.634,0.9026325,0.8938633419778286
537.134,0.9015186,0.8924183691770626
537.634,0.9003572,0.8909629819094711
538.134,0.8992907,0.8894973678896066
538.634,0.8981767,0.8880217197116639
539.134,0.8970391,0.8865362345782826
539.634,0.8957355,0.8850411140095868
540.134,0.8945978,0.8835365635323476
540.634,0.8932943,0.8820227923492093
541.134,0.8922514,0.8805000129879889
541.634,0.891256,0.878968440931109
542.134,0.8902131,0.8774282942253054
542.634,0.888957,0.8758797930718092
543.134,0.8876771,0.8743231593972856
543.634,0.8863025,0.8727586164058836
544.134,0.8849515,0.8711863881128333
544.634,0.8836716,0.8696066988601054
545.134,0.8824392,0.8680197728147381
545.634,0.8812304,0.8664258334505198
546.134,0.8800691,0.8648251030138064
546.634,0.8788129,0.8632178019743397
547.134,0.8775094,0.8616041484620317
547.634,0.8760873,0.8599843576907635
548.134,0.8747363,0.8583586413703506
548.634,0.8734565,0.8567272071079091
549.134,0.8721766,0.8550902577999604
549.634,0.8709442,0.8534479910166961
550.134,0.8697117,0.8518005983799197
550.634,0.8685503,0.8501482649362689
551.134,0.8672468,0.8484911685274095
551.634,0.8659195,0.8468294791589714
552.134,0.8646397,0.8451633583700826
552.634,0.8631465,0.8434929586054244
553.134,0.8617244,0.8418184225918086
553.634,0.8603972,0.8401398827213347
554.134,0.8591173,0.8384574604432479
554.634,0.8576715,0.8367712656666682
555.134,0.8562495,0.8350813961764026
555.634,0.85478,0.8333879370640911
556.134,0.8533105,0.8316909601769588
556.634,0.8517463,0.829990523586468
557.134,0.8501583,0.8282866710791689
557.634,0.8487125,0.826579431672041
558.134,0.8473142,0.8248688191546084
558.634,0.845821,0.823154831660081
559.134,0.8442567,0.8214374512677358
559.634,0.8425739,0.8197166436387068
560.134,0.8409149,0.8179923576872791
560.634,0.8394217,0.8162645252897196
561.134,0.8379048,0.8145330610325767
561.634,0.836222,0.8127978620022859
562.134,0.8344208,0.8110588076178021
562.634,0.8327617,0.8093157595078531
563.134,0.83115,0.807568561434266
563.634,0.8296805,0.8058170392626712
564.134,0.8280926,0.8040610009817201
564.634,0.8265046,0.8023002367717806
565.134,0.8248218,0.8005345191238911
565.634,0.8230442,0.7987636030095533
566.134,0.8212193,0.7969872261017459
566.634,0.8194654,0.7952051090473271
567.134,0.8177826,0.793416955790776
567.634,0.8160998,0.7916224539489995
568.134,0.8144407,0.7898212752367041
568.634,0.8128054,0.7880130759415979
569.134,0.8109567,0.7861974974484625
569.634,0.8090606,0.7843741668108957
570.134,0.8070934,0.7825426973692988
570.634,0.8051973,0.780702689413457
571.134,0.8032538,0.7788537308878358
571.634,0.8014051,0.7769953981375061
572.134,0.7995565,0.7751272566923981
572.634,0.7977789,0.7732488620873961
573.134,0.7959302,0.7713597607155913
573.634,0.7940341,0.76945949071185
574.134,0.7920669,0.7675475828636886
574.634,0.7900997,0.765623561546313
575.134,0.7881088,0.7636869456785578
575.634,0.7861416,0.7617372496963547
576.134,0.7839611,0.7597739845402808
576.634,0.7817806,0.7577966586536742
577.134,0.7795053,0.7558047789877657
577.634,0.777467,0.7537978520102593
578.134,0.7753339,0.7517753847137989
578.634,0.7731771,0.7497368856207913
579.134,0.7710677,0.7476818657811073
579.634,0.768982,0.7456098397592582
580.134,0.7668489,0.7435203266077468
580.634,0.7647395,0.741412850823411
581.134,0.7624642,0.7392869432837235
581.634,0.7601652,0.7371421421601692
582.134,0.7577003,0.7349779938060137
582.634,0.7554487,0.7327940536159607
583.134,0.7530075,0.730589886855428
583.634,0.7507796,0.728365069457388
584.134,0.748528,0.7261191887849678
584.634,0.746229,0.7238518443582508
585.134,0.7437404,0.7215626485439823
585.634,0.7412044,0.7192512272071458
586.134,0.7387157,0.7169172203236418
586.634,0.7362508,0.7145602825535682
587.134,0.7338096,0.7121800837748699
587.634,0.7314158,0.7097763095773802
588.134,0.7290457,0.7073486617175342
588.634,0.7264386,0.7048968585342763
589.134,0.7235707,0.7024206353269224
589.634,0.720774,0.6999197446959458
590.134,0.7182617,0.6973939568478729
590.634,0.7157494,0.694843059865653
591.134,0.7130949,0.6922668599460384
591.634,0.7104403,0.6896651816056578
592.134,0.7077147,0.6870378678575951
592.634,0.7049417,0.6843847803603915
593.134,0.7022398,0.6817057995414683
593.634,0.6995852,0.6790008246970348
594.134,0.6968122,0.676269774070577
594.634,0.6941103,0.6735125849120425
595.134,0.6912187,0.6707292135198307
595.634,0.6883272,0.6679196352676636
596.134,0.685175,0.6650838446183743
596.634,0.6822597,0.6622218551265722
597.134,0.6794156,0.6593336994320671
597.634,0.6765952,0.656419429245829
598.134,0.673751,0.6534791153301436
598.634,0.6708595,0.6505128474744966
599.134,0.6679206,0.6475207344685792
599.634,0.6650053,0.6445029040736574
600.134,0.6622086,0.6414595029933918
600.634,0.6594119,0.6383906968450328
601.134,0.6554064,0.6352966701317523
601.634,0.6493389,0.6321776262167063
602.134,0.6468503,0.6290337872992551
602.634,0.6442195,0.6258653943936101
603.134,0.6415887,0.6226727073100071
603.634,0.6388867,0.6194560046383625
604.134,0.6331985,0.6162155837342094
604.634,0.6313261,0.6129517607065802
605.134,0.6290982,0.6096648704073642
605.634,0.6266096,0.6063552664215458
606.134,0.6207317,0.6030233210576252
606.634,0.618409,0.5996694253374097
607.134,0.6156597,0.5962939889842838
607.634,0.6126733,0.5928974404089806
608.134,0.6074828,0.5894802266918133
608.634,0.6052549,0.5860428135602616
609.134,0.6025055,0.5825856853607715
609.634,0.5995903,0.5791093450235827
610.134,0.5937598,0.5756143140193739
610.634,0.5913186,0.5721011323065048
611.134,0.5885693,0.5685703582676199
611.634,0.5856541,0.5650225686343848
612.134,0.580345,0.5614583583991333
612.634,0.5779275,0.5578783407122193
613.134,0.5750597,0.5542831467638911
613.634,0.5702958,0.5506734256495328
614.134,0.5667643,0.5470498442171525
614.634,0.5641572,0.5434130868960337
615.134,0.5611708,0.5397638555055106
615.634,0.5556248,0.5361028690428717
616.134,0.5528992,0.5324308634494459
616.634,0.5482063,0.5287485913539778
617.134,0.5457177,0.5250568217924519
617.634,0.5427314,0.5213563399035818
618.134,0.5363558,0.5176479465992376
618.634,0.5339857,0.5139324582091463
619.134,0.5313075,0.5102107060992581
619.634,0.5261406,0.5064835362632347
620.134,0.5234624,0.5027518088865819
620.634,0.5173475,0.49901639788300645
621.134,0.5136027,0.4952781904026534
621.634,0.51128,0.4915380863119352
622.134,0.5056155,0.4877969976447406
622.634,0.5016337,0.48405584802487867
623.134,0.4975097,0.4803155720596821
623.634,0.4941915,0.47657711470476616
624.134,0.4895461,0.4728414306000154
624.634,0.485351,0.4691094833769416
625.134,0.4822462,0.46538224493763447
625.634,0.479568,0.4616606947056038
626.134,0.4731687,0.45794581884888763
626.634,0.4686655,0.45423860947588723
627.134,0.4642097,0.45054006380446343
627.634,0.4595405,0.44685118330491724
628.134,0.4551795,0.44317297281755974
628.634,0.4509607,0.4395064396456595
629.134,0.4467893,0.4358525926246437
629.634,0.4421676,0.432212441168516
630.134,0.4378066,0.42858699429453706
630.634,0.4335167,0.42497725962730915
631.134,0.4290372,0.42138424238348515
631.634,0.4241548,0.4178089443384164
632.134,0.419462,0.4142523627761415
632.634,0.4149588,0.410715489424197
633.134,0.4103608,0.40719930937483106
633.634,0.4057153,0.4037047999942702
634.134,0.4004774,0.4002329298217886
634.634,0.3955002,0.39678465746039626
635.134,0.3902385,0.39336093046105425
635.634,0.3853087,0.3899626842023939
636.134,0.3805685,0.38659084076799566
636.634,0.3759942,0.38324630782335123
637.134,0.3712777,0.3799299774947016
637.634,0.3663952,0.37664272525200626
638.134,0.3616076,0.37338540879835647
638.634,0.3567726,0.37015886696819933
639.134,0.3516295,0.3669639186367898
639.634,0.3465574,0.3638013616433263
640.134,0.3414854,0.360671971730267
640.634,0.3363896,0.357576501501349
641.134,0.3313887,0.3545156794008604
641.634,0.3261982,0.351490208716728
642.134,0.3210787,0.3485007666099904
642.634,0.316457,0.345548003173234
643.134,0.3118116,0.34263254052055037
643.634,0.307024,0.3397549719115678
644.134,0.3022364,0.33691586091207515
644.634,0.2976384,0.33411574059373117
645.134,0.2928744,0.3313551127752985
645.634,0.2879446,0.3286344473077978
646.134,0.2832044,0.3259541814059087
646.634,0.2789619,0.32331471902787245
647.134,0.2749327,0.32071643030607233
647.634,0.271662,0.3181596510303708
648.134,0.2670876,0.31564468218618424
648.634,0.2646701,0.31317178954916236
649.134,0.2619208,0.31074120333821753
649.634,0.2589108,0.30835311792852105
650.134,0.2533884,0.3060076916259413
650.634,0.2509235,0.3037050465042481
651.134,0.2481742,0.3014452683062556
651.634,0.2454011,0.2992284064099019
652.134,0.2425807,0.297054473860099
652.634,0.240021,0.29492344746699706
653.134,0.2374376,0.2928352679711266
653.634,0.2350675,0.2907898402756832
654.134,0.232887,0.28878703374602144
654.634,0.2306591,0.2868266825762221
655.134,0.228763,0.2849085862223879
655.634,0.227175,0.28303250990210893
656.134,0.225587,0.2811981851593297
656.634,0.2242361,0.2794053104936316
657.134,0.2229325,0.2776535520527301
657.634,0.221866,0.2759425443867708
658.134,0.2207994,0.2742718912627935
658.634,0.2198514,0.2726411665375261
659.134,0.2189981,0.27104991508645515
659.634,0.2183345,0.26949765378692736
660.134,0.2176235,0.2679838725528272
660.634,0.2169598,0.2665080354181939
661.134,0.2162725,0.2650695816669548
661.634,0.2154904,0.2636679270057759
662.134,0.2147556,0.26230246477687014
662.634,0.2144001,0.2609725672074459
663.134,0.2142105,0.2596775866923403
663.634,0.2139735,0.25841685710624884
664.134,0.213618,0.25718969514185075
664.634,0.2131914,0.25599540167002277
665.134,0.2126225,0.25483326311825627
665.634,0.2120774,0.2537025528633109
666.134,0.2117219,0.2526025326340924
666.634,0.2114612,0.25153245392070145
667.134,0.2110583,0.25049155938557843
667.634,0.2106553,0.24947908427266863
668.134,0.2103709,0.2484942578105478
668.634,0.2101102,0.24753630460547604
669.134,0.2098495,0.24660444602040732
669.634,0.2096362,0.24569790153604143
670.134,0.2093755,0.24481589009009674
670.634,0.2090911,0.24395763139108684
671.134,0.2088304,0.24312234720299863
671.634,0.2085696,0.24230926259741215
672.134,0.2082615,0.2415176071697528
672.634,0.2077638,0.24074661621653082
673.134,0.2072898,0.2399955318706113
673.634,0.2068632,0.23926360419174486
674.134,0.2065076,0.23855009220980117
674.634,0.206318,0.23785426491836192
675.134,0.2061995,0.2371754022165592
675.634,0.2060336,0.23651279579727813
676.134,0.2058203,0.23586574998008913
676.634,0.205607,0.2352335824875177
677.134,0.2054648,0.23461562516352075
677.634,0.205133,0.23401122463328217
678.134,0.2048723,0.23341974290370893
678.634,0.2045168,0.2328405579042554
679.134,0.2042086,0.23227306396796443
679.634,0.2038531,0.2317166722528612
680.134,0.2035687,0.23117081110408255
680.634,0.2032369,0.23063492635736815
681.134,0.2029525,0.23010848158476693
681.634,0.202597,0.22959095828364007
682.134,0.20236,0.229081856010255
682.634,0.2020992,0.22858069245946466
683.134,0.2018622,0.22808700349216027
683.634,0.2016015,0.22760034311235766
684.134,0.2013171,0.2271202833959447
684.634,0.2010801,0.2266464143732615
685.134,0.2008194,0.226178343867817
685.634,0.2005113,0.22571569729356467
686.134,0.2002269,0.22525811741325286
686.634,0.1998002,0.22480526406045676
687.134,0.1994684,0.2243568138279567
687.634,0.1992314,0.22391245972517793
688.134,0.1990418,0.22347191080744622
688.634,0.1988996,0.22303489177981617
689.134,0.1986626,0.22260114257824148
689.634,0.1984256,0.2221704179308317
690.134,0.1980938,0.22174248690191267
690.634,0.1977619,0.22131713242156215
691.134,0.1974775,0.22089415080322927
691.634,0.1971694,0.22047335125198375
692.134,0.1970035,0.22005455536584495
692.634,0.1967665,0.21963759663255977
693.134,0.1964584,0.21922231992408392
693.634,0.1961977,0.21880858099091716
694.134,0.195937,0.2183962459583193
694.634,0.1957236,0.21798519082630985
695.134,0.1954392,0.2175753009752206
695.634,0.1951785,0.2171664706784444
696.134,0.1948941,0.21675860262387492
696.634,0.1946808,0.21635160744540172
697.134,0.1943964,0.21594540326568434
697.634,0.194112,0.21553991525128735
698.134,0.1938039,0.21513507518112573
698.634,0.1936142,0.21473082102903107
699.134,0.1935194,0.21432709656112225
699.634,0.1934957,0.2139238509485335
700.134,0.1932824,0.21352103839593317
700.634,0.1930217,0.21311861778614705
701.134,0.1927136,0.212716552341093
701.634,0.1923581,0.21231480929912583
702.134,0.1920026,0.2119133596087972
702.634,0.1917419,0.2115121776389408
703.134,0.1914811,0.21111124090491673
703.634,0.1911967,0.21071052981076588
704.134,0.1909597,0.21031002740696492
704.634,0.1907227,0.20990971916340517
705.134,0.1904146,0.20950959275717407
705.634,0.1901539,0.20910963787466197
706.134,0.1898458,0.20870984602749032
706.634,0.1896325,0.20831021038171604
707.134,0.1894903,0.20791072559974688
707.634,0.1892532,0.20751138769438493
708.134,0.1890162,0.2071121938943974
708.634,0.1888266,0.20671314252101025
709.134,0.1884948,0.20631423287471917
709.634,0.1882104,0.20591546513180825
710.134,0.1879497,0.20551684024998051
710.634,0.1877838,0.20511835988250848
711.134,0.1876416,0.20472002630032937
711.634,0.1874757,0.20432184232152417
712.134,0.1872624,0.20392381124763914
712.634,0.1869779,0.2035259368063279
713.134,0.1865987,0.2031282230998147
713.634,0.1862906,0.20273067455870297
714.134,0.1859825,0.20233329590067717
714.634,0.1857218,0.20193609209366992
715.134,0.1854848,0.20153906832309354
715.634,0.1852715,0.20114222996275966
716.134,0.1851293,0.20074558254913177
716.634,0.1850819,0.20034913175858837
717.134,0.184987,0.19995288338738992
717.634,0.1847974,0.19955684333406976
718.134,0.1845604,0.19916101758399396
718.634,0.1843471,0.1987654121958531
719.134,0.1841101,0.19837003328986857
719.634,0.1839442,0.1979748870375212
720.134,0.1837783,0.1975799796526223
720.634,0.1836124,0.19718531738356737
721.134,0.1832806,0.19679090650662656
721.634,0.1828777,0.1963967533201465
722.134,0.1823799,0.19600286413954238
722.634,0.1820718,0.19560924529298063
723.134,0.1819296,0.1952159031176608
723.634,0.1816926,0.1948228439566132
724.134,0.1814556,0.19443007415594238
724.634,0.181266,0.19403760006245507
725.134,0.1811475,0.19364542802161433
725.634,0.181029,0.19325356437577546
726.134,0.1808631,0.19286201546265924
726.634,0.1806497,0.19247078761402836
727.134,0.1804127,0.19207988715453472
727.634,0.180152,0.19168932040071174
728.134,0.1798676,0.19129909366008657
728.634,0.1795832,0.19090921323039567
729.134,0.1793225,0.19051968539888497
729.634,0.1790618,0.19013051644168044
730.134,0.1789433,0.1897417126232176
730.634,0.1788485,0.18935328019572029
731.134,0.1786115,0.18896522539871896
731.634,0.1783981,0.18857755445860258
732.134,0.1782085,0.18819027358819818
732.634,0.1780663,0.1878033889863715
733.134,0.1778767,0.18741690683764745
733.634,0.1776871,0.187030833311844
734.134,0.1774975,0.18664517456372054
734.634,0.1772842,0.1862599367326334
735.134,0.1770709,0.1858751259422018
735.634,0.1767865,0.1854907482999799
736.134,0.1765732,0.18510680989713402
736.634,0.1763599,0.18472331680812393
737.134,0.1762887,0.18434027509039097
737.634,0.1761702,0.1839576907840449
738.134,0.176028,0.1835755699115562
738.634,0.1758858,0.18319391847745226
739.134,0.1756962,0.18281274246801116
739.634,0.1754592,0.1824320478509618
740.134,0.1752222,0.1820518405751832
740.634,0.1749852,0.1816721265704062
741.134,0.1748193,0.18129291174691708
741.634,0.1747008,0.1809142019952612
742.134,0.1746297,0.18053600318594987
742.634,0.1745586,0.18015832116916675
743.134,0.1743453,0.17978116177447767
743.634,0.1740845,0.17940453081053964
744.134,0.1737527,0.17902843406481306
744.634,0.1734209,0.17865287730327384
745.134,0.1732313,0.17827786627012754
745.634,0.1730654,0.1779034066875249
746.134,0.1729943,0.17752950425527958
746.634,0.1728521,0.17715616465058515
747.134,0.1726862,0.17678339352773553
747.634,0.1724729,0.1764111965178461
748.134,0.172307,0.17603957922857616
748.634,0.1720463,0.17566854724385417
749.134,0.1718566,0.17529810612360164
749.634,0.1716907,0.1749282614034624
750.134,0.1715722,0.1745590185945297
750.634,0.17143,0.17419038318307833
751.134,0.1712641,0.17382236063029555
751.634,0.1711219,0.17345495637201513
752.134,0.1709323,0.17308817581845326
752.634,0.1706953,0.17272202435394501
753.134,0.170482,0.17235650733668373
753.634,0.170245,0.1719916300984614
754.134,0.1700317,0.17162739794441084
754.634,0.1697472,0.17126381615275021
755.134,0.169368,0.170900889974529
755.634,0.1690125,0.17053862463337555
756.134,0.1687044,0.17017702532524692
756.634,0.1683963,0.16981609721818036
757.134,0.1680882,0.16945584545204695
757.634,0.1677801,0.16909627513830683
758.134,0.1675667,0.16873739135976673
758.634,0.1673771,0.16837919917033894
759.134,0.1672586,0.16802170359480317
759.634,0.1671401,0.1676649096285694
760.134,0.1670216,0.16730882223744348
760.634,0.1668794,0.1669534463573944
761.134,0.1667372,0.16659878689432406
761.634,0.166595,0.16624484872383838
762.134,0.1664765,0.1658916366910217
762.634,0.1663106,0.16553915561021193
763.134,0.1661447,0.16518741026477923
763.634,0.1659314,0.1648364054069057
764.134,0.1657655,0.16448614575736775
764.634,0.1655996,0.16413663600532136
765.134,0.1654336,0.16378788080808815
765.634,0.1653388,0.16343988479094484
766.134,0.1652203,0.16309265254691485
766.634,0.1650781,0.16274618863656132
767.134,0.1649596,0.16240049758778397
767.634,0.1646989,0.16205558389561636
768.134,0.1644619,0.16171145202202797
768.634,0.1641775,0.1613681063957254
769.134,0.1639405,0.1610255514119595
769.634,0.1637272,0.16068379143233236
770.134,0.1635139,0.16034283078460732
770.634,0.1633717,0.16000267376252209
771.134,0.1631583,0.15966332462560373
771.634,0.1628739,0.15932478759898605
772.134,0.1626843,0.15898706687323005
772.634,0.1624473,0.158650166604146
773.134,0.1621866,0.15831409091261872
773.634,0.1619022,0.1579788438844354
774.134,0.16176,0.15764442957011504
774.634,0.1616415,0.15731085198474193
775.134,0.1615467,0.1569781151078007
775.634,0.1614282,0.15664622288301344
776.134,0.161286,0.1563151792181814
776.634,0.1611674,0.15598498798502702
777.134,0.1610963,0.15565565301903983
777.634,0.1609304,0.15532717811932506
778.134,0.1606934,0.15499956704845452
778.634,0.1604564,0.15467282353231993
779.134,0.1601957,0.15434695125998954
779.634,0.1598876,0.15402195388356688
780.134,0.1596269,0.1536978350180528
780.634,0.1595558,0.15337459824120936
781.134,0.1594373,0.15305224709342746
781.634,0.1592003,0.1527307850775963
782.134,0.1589869,0.15241021565897617
782.634,0.158821,0.15209054226507368
783.134,0.1587262,0.1517717682855202
783.634,0.1586314,0.1514538970719519
784.134,0.1585366,0.15113693193789468
784.634,0.1584418,0.15082087615864914
785.134,0.1582996,0.1505057329711812
785.634,0.1580863,0.15019150557401306
786.134,0.1579204,0.1498781971271188
786.634,0.1577071,0.14956581075182152
787.134,0.1575412,0.14925434953069427
787.634,0.1573516,0.14894381650746313
788.134,0.157162,0.1486342146869135
788.634,0.1570198,0.14832554703479928
789.134,0.1568775,0.14801781647775414
789.634,0.156759,0.14771102590320706
790.134,0.1566168,0.14740517815929965
790.634,0.1564272,0.14710027605480636
791.134,0.1561428,0.14679632235905804
791.634,0.1558347,0.14649331980186864
792.134,0.1554318,0.1461912710734634
792.634,0.1551711,0.14589017882441158
793.134,0.1549341,0.14559004566556133
793.634,0.1547208,0.14529087416797692
794.134,0.1546022,0.14499266686288026
794.634,0.1545311,0.14469542624159382
795.134,0.1545074,0.1443991547554877
795.634,0.1544126,0.14410385481592858
796.134,0.1543415,0.14380952879423203
796.634,0.1542704,0.14351617902161828
797.134,0.1540571,0.14322380778917
797.634,0.1537253,0.14293241734779316
798.134,0.1532987,0.14264200990818132
798.634,0.1528958,0.14235258764078262
799.134,0.1526588,0.14206415267576888
799.634,0.1525165,0.14177670710300927
800.134,0.1524217,0.14149025297204498
800.634,0.1523269,0.1412047922920685
801.134,0.1521847,0.1409203270319046
801.634,0.1520188,0.1406368591199949
802.134,0.1518292,0.1403543904443847
802.634,0.1516633,0.14007292285271367
803.134,0.1514263,0.13979245815220853
803.634,0.1512841,0.1395129981096792
804.134,0.1510945,0.1392345444515175
804.634,0.1508101,0.13895709886369845
805.134,0.1505731,0.13868066299178594
805.634,0.1504072,0.138405238440939
806.134,0.1502412,0.13813082677592303
806.634,0.1500753,0.13785742952112257
807.134,0.1499568,0.1375850481605576
807.634,0.1497435,0.13731368413790235
808.134,0.1495302,0.1370433388565071
808.634,0.149388,0.136774013679423
809.134,0.1492221,0.13650570992942945
809.634,0.1490088,0.13623842888906434
810.134,0.1488666,0.13597217180065746
810.634,0.1487481,0.13570693986636628
811.134,0.1486296,0.13544273424821474
811.634,0.1484163,0.1351795560681348
812.134,0.1482029,0.1349174064080112
812.634,0.1478948,0.13465628630972815
813.134,0.1476578,0.13439619677521952
813.634,0.1473497,0.13413713876652156
814.134,0.1471364,0.13387911320582857
814.634,0.1470179,0.1336221209755506
815.134,0.1468757,0.1333661629183751
815.634,0.1467335,0.1331112398373301
816.134,0.1465676,0.13285735249585096
816.634,0.1462832,0.13260450161784954
817.134,0.1459513,0.13235268788778565
817.634,0.1456669,0.13210191195074183
818.134,0.1454299,0.13185217441250086
818.634,0.1453588,0.13160347583962484
819.134,0.1453588,0.13135581675953856
819.634,0.1453351,0.13110919766061413
820.134,0.1452403,0.13086361899225873
820.634,0.1449796,0.1306190811650052
821.134,0.1446004,0.13037558455060516
821.634,0.1441027,0.13013312948212408
822.134,0.1437945,0.12989171625403984
822.634,0.143439,0.1296513451223431
823.134,0.1432257,0.12941201630464116
823.634,0.1430598,0.12917372998026266
824.134,0.1428702,0.12893648629036703
824.634,0.1426569,0.12870028533805422
825.134,0.1423725,0.1284651271884787
825.634,0.142254,0.12823101186896468
826.134,0.1420644,0.12799793936912462
826.634,0.1419222,0.12776590964097967
827.134,0.14178,0.1275349225990826
827.634,0.1416614,0.12730497812064323
828.134,0.1415192,0.1270760760456564
828.634,0.1413533,0.1268482161770319
829.134,0.1410926,0.12662139828072727
829.634,0.1408793,0.12639562208588206
830.134,0.1406897,0.12617088728495574
830.634,0.1405001,0.12594719353386652
831.134,0.1403342,0.12572454045213333
831.634,0.140192,0.12550292762301973
832.134,0.1400735,0.12528235459368042
832.634,0.1399076,0.12506282087530873
833.134,0.1397654,0.12484432594328854
833.634,0.1396232,0.12462686923734623
834.134,0.1394335,0.12441045016170571
834.634,0.1391965,0.12419506808524583
835.134,0.1389832,0.12398072234165958
835.634,0.1387462,0.12376741222961485
836.134,0.1384618,0.12355513701291887
836.634,0.1382248,0.12334389592068262
837.134,0.1379878,0.12313368814748893
837.634,0.1377982,0.1229245128535621
838.134,0.137656,0.12271636916493889
838.634,0.1374901,0.12250925617364261
839.134,0.1373952,0.12230317293785786
839.634,0.1372293,0.12209811848210872
840.134,0.137016,0.12189409179743738
840.634,0.1368501,0.12169109184158589
841.134,0.1366605,0.12148911753917857
841.634,0.1365183,0.1212881677819071
842.134,0.1363761,0.12108824142871777
842.634,0.1360917,0.12088933730599916
843.134,0.1357599,0.12069145420777305
843.634,0.1354518,0.12049459089588588
844.134,0.1351673,0.12029874610020308
844.634,0.1349066,0.12010391851880409
845.134,0.134717,0.11991010681817982
845.634,0.1345985,0.11971730963343119
846.134,0.1345511,0.11952552556846952
846.634,0.1345511,0.11933475319621911
847.134,0.13448,0.11914499105882015
847.634,0.1343852,0.11895623766783436
848.134,0.1340771,0.11876849150445168
848.634,0.133769,0.11858175101969826
849.134,0.1334135,0.11839601463464655
849.634,0.1331765,0.11821128074062637
850.134,0.1330105,0.11802754769943724
850.634,0.132892,0.11784481384356305
851.134,0.1327735,0.11766307747638705
851.634,0.132655,0.11748233687240861
852.134,0.1325365,0.11730259027746182
852.634,0.132418,0.1171238359089346
853.134,0.1322521,0.1169460719559895
853.634,0.1321099,0.11676929657978596
854.134,0.1319203,0.11659350791370326
854.634,0.1317307,0.11641870406356525
855.134,0.1315648,0.11624488310786596
855.634,0.131233,0.11607204309799646
856.134,0.1309011,0.11590018205847263
856.634,0.1306167,0.11572929798716458
857.134,0.1304271,0.11555938885552686
857.634,0.1303086,0.11539045260882919
858.134,0.130119,0.1152224871663895
858.634,0.1299531,0.1150554904218064
859.134,0.1297872,0.11488946024319402
859.634,0.1296687,0.11472439447341742
860.134,0.1295502,0.11456029093032793
860.634,0.1293606,0.11439714740700113
861.134,0.129171,0.11423496167197422
861.634,0.1290051,0.11407373146948507
862.134,0.1288155,0.11391345451971202
862.634,0.128531,0.11375412851901401
863.134,0.1282466,0.11359575114017173
863.634,0.1280807,0.11343832003263032
864.134,0.1279385,0.11328183282274096
864.634,0.1278674,0.11312628711400552
865.134,0.1277963,0.11297168048731943
865.634,0.1277726,0.11281801050121743
866.134,0.1276067,0.11266527469211829
866.634,0.1273697,0.11251347057457084
867.134,0.1271327,0.11236259564150086
867.634,0.1269194,0.11221264736445757
868.134,0.1267535,0.11206362319386165
868.634,0.1266113,0.11191552055925325
869.134,0.1264927,0.11176833686954035
869.634,0.1262794,0.11162206951324793
870.134,0.1260187,0.11147671585876728
870.634,0.1257817,0.11133227325460571
871.134,0.125521,0.11118873902963688
871.634,0.1252603,0.11104611049335111
872.134,0.1250707,0.11090438493610655
872.634,0.1248811,0.11076355962937956
873.134,0.1246678,0.11062363182601687
873.634,0.1244782,0.11048459876048677
874.134,0.1242885,0.11034645764913087
874.634,0.1241226,0.11020920569041603
875.134,0.1239804,0.11007284006518714
875.634,0.1238145,0.10993735793691861
876.134,0.1236723,0.10980275645196724
876.634,0.1235538,0.10966903273982442
877.134,0.1234116,0.10953618391336906
877.634,0.1232931,0.10940420706912002
878.134,0.1231035,0.1092730992874884
878.634,0.1229139,0.10914285763303078
879.134,0.1227006,0.10901347915470117
879.634,0.1223925,0.10888496088610378
880.134,0.1221791,0.10875729984574556
880.634,0.122108,0.10863049303728833
881.134,0.1220369,0.10850453744980082
881.634,0.121871,0.1083794300580112
882.134,0.1216814,0.1082551678225584
882.634,0.1215392,0.10813174769024392
883.134,0.1213733,0.1080091665942835
883.634,0.1212548,0.10788742145455765
884.134,0.1210415,0.10776650917786346
884.634,0.1208756,0.10764642665816437
885.134,0.1206149,0.10752717077684093
885.634,0.1203068,0.1074087384029403
886.134,0.1201646,0.10729112639342664
886.634,0.120046,0.10717433159342937
887.134,0.1198801,0.10705835083649229
887.634,0.1197379,0.10694318094482202
888.134,0.1195246,0.10682881872953631
888.634,0.1192876,0.10671526099091033
889.134,0.1190743,0.10660250451862452
889.634,0.1189321,0.10649054609201092
890.134,0.1188136,0.10637938248029855
890.634,0.1186477,0.10626901044285919
891.134,0.1185055,0.10615942672945189
891.634,0.1183396,0.10605062808046695
892.134,0.1182211,0.10594261122716975
892.634,0.1179604,0.10583537289194322
893.134,0.117747,0.10572890978853056
893.634,0.1175574,0.10562321862227597
894.134,0.1173441,0.105518296090366
894.634,0.1171545,0.10541413888206974
895.134,0.1169649,0.1053107436789773
895.634,0.116799,0.10520810715523954
896.134,0.1166805,0.10510622597780483
896.634,0.1165146,0.10500509680665648
897.134,0.116325,0.10490471629504905
897.634,0.1161828,0.10480508108974318
898.134,0.116088,0.1047061878312403
898.634,0.1159932,0.10460803315401646
899.134,0.1158984,0.10451061368675418
899.634,0.1157561,0.10441392605257527
900.134,0.1156376,0.10431796686927086
900.634,0.1154717,0.10422273274953164
901.134,0.1152347,0.10412822030117652
901.634,0.1149977,0.10403442612738079
902.134,0.1148555,0.10394134682690304
902.634,0.1146896,0.10384897899431089
903.134,0.1145711,0.1037573192202057
903.634,0.1144526,0.10366636409144714
904.134,0.1143104,0.10357611019137503
904.634,0.114026,0.1034865541000316
905.134,0.113789,0.10339769239438168
905.634,0.1135756,0.10330952164853258
906.134,0.1134334,0.10322203843395195
906.634,0.1133149,0.10313523931968516
907.134,0.1131964,0.1030491208725719
907.634,0.1130542,0.10296367965745956
908.134,0.1128883,0.10287891223741863
908.634,0.1126987,0.10279481517395395
909.134,0.1124854,0.1027113850272161
909.634,0.1122721,0.10262861835621229
910.134,0.1121062,0.10254651171901374
910.634,0.1118929,0.10246506167296454
911.134,0.1117744,0.10238426477488671
911.634,0.1116559,0.10230411758128621
912.134,0.1115611,0.10222461664855576
912.634,0.1114663,0.10214575853317753
913.134,0.1113714,0.1020675397919244
913.634,0.1112055,0.10198995698205926
914.134,0.1111107,0.10191300666153347
914.634,0.1109922,0.10183668538918389
915.134,0.1106604,0.10176098972492864
915.634,0.1102575,0.10168591622996126
916.134,0.1098546,0.10161146146694344
916.634,0.1094991,0.10153762200019656
917.134,0.1094517,0.10146439439589194
917.634,0.1094991,0.10139177522223908
918.134,0.1095228,0.10131976104967333
918.634,0.1094517,0.10124834845104125
919.134,0.1092858,0.1011775340017852
919.634,0.1091435,0.10110731428012598
920.134,0.1090013,0.10103768586724438
920.634,0.1089302,0.1009686453474612
921.134,0.1087406,0.10090018930841527
921.634,0.1085036,0.10083231434124085
922.134,0.1082666,0.10076501704074281
922.634,0.1081007,0.10069829400557051
923.134,0.1079822,0.10063214183839042
923.634,0.1078874,0.10056655714605711
924.134,0.10784,0.10050153653978222
924.634,0.1077215,0.10043707663530244
925.134,0.1075319,0.10037317405304591
925.634,0.1073897,0.10030982541829703
926.134,0.1071764,0.10024702736135938
926.634,0.1070104,0.10018477651771729
927.134,0.1068445,0.10012306952819627
927.634,0.1066075,0.10006190303912121
928.134,0.1064179,0.10000127370247336
928.634,0.1062283,0.09994117817604531
929.134,0.1059439,0.09988161312359556
929.634,0.1057306,0.09982257521499949
930.134,0.1056595,0.09976406112640102
930.634,0.1055884,0.0997060675403606
931.134,0.1054462,0.09964859114600322
931.634,0.1053277,0.09959162863916382
932.134,0.1051618,0.09953517672253143
932.634,0.1049959,0.09947923210579146
933.134,0.1048062,0.09942379150576697
933.634,0.104664,0.09936885164655795
934.134,0.1045455,0.09931440925967827
934.634,0.1044507,0.09926046108419229
935.134,0.1042848,0.09920700386684911
935.634,0.1040715,0.09915403436221526
936.134,0.103953,0.09910154933280568
936.634,0.1038345,0.09904954554921352
937.134,0.1036449,0.09899801979023748
937.634,0.103479,0.09894696884300846
938.134,0.1032657,0.09889638950311408
938.634,0.1030524,0.09884627857472106
939.134,0.1028154,0.09879663287069729
939.634,0.1026494,0.09874744921273115
940.134,0.1024598,0.09869872443144911
940.634,0.1023176,0.09865045536653272
941.134,0.1021517,0.09860263886683296
941.634,0.1019858,0.09855527179048362
942.134,0.1019147,0.09850835100501232
942.634,0.1018436,0.09846187338745083
943.134,0.1017962,0.0984158358244428
943.634,0.1017725,0.09837023521235078
944.134,0.1017488,0.09832506845736055
944.634,0.1016777,0.09828033247558499
945.134,0.1016303,0.09823602419316535
945.634,0.1015592,0.09819214054637149
946.134,0.1014407,0.09814867848170017
946.634,0.1012985,0.09810563495597169
947.134,0.1011563,0.09806300693642567
947.634,0.1009667,0.09802079140081355
948.134,0.100706,0.09797898533749183
948.634,0.10054,0.09793758574551104
949.134,0.1004215,0.09789658963470549
949.634,0.1003741,0.09785599402578005
950.134,0.1002556,0.09781579595039536
950.634,0.1000423,0.09777599245125213
951.134,0.0997342,0.0977365805821735
951.634,0.0995209,0.09769755740818531
952.134,0.0992839,0.09765892000559584
952.634,0.0991417,0.09762066546207293
953.134,0.0990469,0.09758279087672028
953.634,0.0990232,0.09754529336015172
954.134,0.0989047,0.09750817003456413
954.634,0.0987625,0.09747141803380865
955.134,0.0986203,0.0974350345034607
955.634,0.0984543,0.09739901660088801
956.134,0.0984069,0.09736336149531688
956.634,0.0984069,0.09732806636789826
957.134,0.0983832,0.09729312841177051
957.634,0.0982884,0.09725854483212171
958.134,0.0980751,0.09722431284625055
958.634,0.0978855,0.09719042968362479
959.134,0.097767,0.09715689258593896
959.634,0.0976248,0.09712369880717098
960.134,0.0974589,0.09709084561363579
960.634,0.0971271,0.0970583302840391
961.134,0.0969375,0.09702615010952875
961.634,0.0968427,0.09699430239374462
962.134,0.0967479,0.09696278445286732
962.634,0.0966057,0.09693159361566583
963.134,0.0965109,0.0969007272235427
963.634,0.0964398,0.09687018263057856
964.134,0.0963213,0.09683995720357474
964.634,0.0962027,0.09681004832209528
965.134,0.0961079,0.09678045337850649
965.634,0.0959657,0.09675116977801534
966.134,0.0957287,0.09672219493870726
966.634,0.0953495,0.09669352629158157
967.134,0.0950414,0.096665161280586
967.634,0.0948755,0.0966370973626498
968.134,0.0948518,0.09660933200771504
968.634,0.0948992,0.09658186269876756
969.134,0.0948992,0.09655468693186542
969.634,0.0948755,0.09652780221616686
970.134,0.0948518,0.09650120607395629
970.634,0.0946859,0.09647489604066972
971.134,0.0944963,0.09644886966491772
971.634,0.0942119,0.09642312450850843
972.134,0.0938089,0.09639765814646839
972.634,0.0934534,0.09637246816706213
973.134,0.0933112,0.09634755217181101
973.634,0.0933349,0.09632290777550989
974.134,0.0933349,0.0962985326062441
974.634,0.0932875,0.096274424305403
975.134,0.0931453,0.09625058052769409
975.634,0.0929794,0.09622699894115527
976.134,0.0928846,0.09620367722716594
976.634,0.0928372,0.09618061308045622
977.134,0.0928135,0.09615780420911657
977.634,0.0927424,0.0961352483346043
978.134,0.0926239,0.09611294319175057
978.634,0.092458,0.09609088652876496
979.134,0.0922921,0.09606907610723958
979.634,0.0921736,0.09604750970215226
980.134,0.0920788,0.09602618510186733
980.634,0.091984,0.09600510010813723
981.134,0.091818,0.0959842525361011
981.634,0.091581,0.09596364021428339
982.134,0.0914151,0.09594326098459138
982.634,0.0912018,0.09592311270231069
983.134,0.0910359,0.09590319323610086
983.634,0.09087,0.09588350046798921
984.134,0.0907515,0.09586403229336382
984.634,0.090633,0.0958447866209653
985.134,0.0905145,0.0958257613728779
985.634,0.0904671,0.09580695448451926
986.134,0.0903486,0.09578836390462919
986.634,0.0902064,0.09576998759525779
987.134,0.089922,0.09575182353175193
987.634,0.0897797,0.09573386970274189
988.134,0.0896375,0.0957161241101252
988.634,0.089519,0.09569858476905169
989.134,0.0894716,0.09568124970790604
989.634,0.0893531,0.09566411696828969
990.134,0.0891398,0.09564718460500288
990.634,0.0889739,0.09563045068602372
991.134,0.088808,0.0956139132924887
991.634,0.0886658,0.09559757051867057
992.134,0.0885473,0.09558142047195606
992.634,0.0883814,0.09556546127282306
993.134,0.0882392,0.09554969105481592
993.634,0.088097,0.09553410796452089
994.134,0.0879548,0.09551871016154034
994.634,0.0876941,0.09550349581846629
995.134,0.0874096,0.09548846312085257
995.634,0.0872674,0.09547361026718726
996.134,0.0870778,0.0954589354688633
996.634,0.086983,0.09544443695014904
997.134,0.0869119,0.09543011294815718
997.634,0.0868408,0.09541596171281441
998.134,0.0868171,0.09540198150682855
998.634,0.0867934,0.09538817060565641
999.134,0.0866512,0.09537452729747009
999.634,0.0866749,0.09536104988312277
1000.134,0.0866749,0.09534773667611407
1000.634,0.0866512,0.09533458600255429
1001.134,0.0866038,0.09532159620112823
1001.634,0.0866038,0.09530876562305857
1002.134,0.0866038,0.09529609263206795
1002.634,0.086509,0.0952835756043412
1003.134,0.0864142,0.09527121292848617
1003.634,0.0862246,0.09525900300549428
1004.134,0.0860824,0.09524694424870095
1004.634,0.0859402,0.09523503508374442
1005.134,0.0858454,0.09522327394852492
1005.634,0.0858454,0.09521165929316255
1006.134,0.0857743,0.09520018957995502
1006.634,0.0856558,0.09518886328333487
1007.134,0.0853713,0.09517767888982576
1007.634,0.0850158,0.09516663489799859
1008.134,0.084684,0.0951557298184269
1008.634,0.0844944,0.09514496217364188
1009.134,0.0843759,0.0951343304980865
1009.634,0.0842811,0.09512383333806995
1010.134,0.0842574,0.09511346925172104
1010.634,0.0841389,0.0951032368089404
1011.134,0.0839967,0.09509313459135427
1011.634,0.083736,0.09508316119226534
1012.134,0.0834516,0.09507331521660523
1012.634,0.0832619,0.09506359528088537
1013.134,0.0832382,0.09505400001314768
1013.634,0.0832856,0.09504452805291508
1014.134,0.0833094,0.09503517805114126
1014.634,0.0832382,0.09502594867016056
1015.134,0.0831434,0.09501683858363674
1015.634,0.0830723,0.09500784647651206
1016.134,0.0830012,0.0949989710449557
1016.634,0.0829538,0.09499021099631166
1017.134,0.0828827,0.09498156504904653
1017.634,0.0827879,0.09497303193269713
1018.134,0.0826694,0.09496461038781734
1018.634,0.0825272,0.09495629916592496
1019.134,0.0824561,0.09494809702944806
1019.634,0.0824087,0.09494000275167114
1020.134,0.0823613,0.09493201511668126
1020.634,0.0822191,0.09492413291931323
1021.134,0.0819584,0.0949163549650951
1021.634,0.0816503,0.09490868007019315
1022.134,0.0814844,0.09490110706135702
1022.634,0.0814133,0.09489363477586343
1023.134,0.0813422,0.09488626206146167
1023.634,0.0813185,0.09487898777631665
1024.134,0.0812474,0.09487181078895324
1024.634,0.0811526,0.09486472997819995
1025.134,0.0810103,0.0948577442331322
1025.634,0.0808444,0.09485085245301583
1026.134,0.0807733,0.0948440535472499
1026.634,0.0807496,0.09483734643530983
1027.134,0.0806074,0.09483073004669007
1027.634,0.0803941,0.09482420332084662
1028.134,0.0801571,0.09481776520713947
1028.634,0.0800623,0.09481141466477505
1029.134,0.0799675,0.0948051506627482
1029.634,0.0798964,0.09479897217978406
1030.134,0.0797305,0.0947928782042805
1030.634,0.0795409,0.09478686773424927
1031.134,0.0793513,0.0947809397772581
1031.634,0.0792091,0.09477509335037237
1032.134,0.0791143,0.09476932748009614
1032.634,0.0790432,0.09476364120231395
1033.134,0.0789246,0.09475803356223211
1033.634,0.0788535,0.09475250361431997
1034.134,0.078735,0.09474705042225096
1034.634,0.0787824,0.09474167305884418
1035.134,0.0788298,0.09473637060600482
1035.634,0.0787824,0.09473114215466616
1036.134,0.0786876,0.09472598680472955
1036.634,0.0785217,0.09472090366500663
1037.134,0.0782847,0.0947158918531592
1037.634,0.0779292,0.09471095049564116
1038.134,0.0774789,0.09470607872763859
1038.634,0.0773604,0.09470127569301157
1039.134,0.0773367,0.0946965405442346
1039.634,0.0773604,0.09469187244233801
1040.134,0.0773367,0.09468727055684856
1040.634,0.0772893,0.09468273406573102
1041.134,0.0772419,0.09467826215532882
1041.634,0.0772182,0.09467385402030537
1042.134,0.0771708,0.09466950886358505
1042.634,0.0770049,0.09466522589629478
1043.134,0.0768627,0.09466100433770497
1043.634,0.076673,0.09465684341517111
1044.134,0.0765545,0.09465274236407484
1044.634,0.076436,0.09464870042776585
1045.134,0.0762701,0.09464471685750309
1045.634,0.0759857,0.09464079091239652
1046.134,0.0756302,0.0946369218593488
1046.634,0.0754406,0.09463310897299748
1047.134,0.0753458,0.09462935153565621
1047.634,0.0753221,0.09462564883725733
1048.134,0.0752984,0.09462200017529387
1048.634,0.0752747,0.0946184048547618
1049.134,0.0752273,0.09461486218810222
1049.634,0.0751562,0.0946113714951442
1050.134,0.0751088,0.09460793210304685
1050.634,0.0749903,0.09460454334624291
1051.134,0.0748007,0.09460120456638077
1051.634,0.0745873,0.0945979151122679
1052.134,0.0744688,0.09459467433981417
1052.634,0.0744451,0.09459148161197495
1053.134,0.0745636,0.09458833629869468
1053.634,0.0745162,0.09458523777685035
1054.134,0.0744688,0.09458218543019559
1054.634,0.0743266,0.09457917864930465
1055.134,0.0740659,0.09457621683151607
1055.634,0.0738526,0.09457329938087755
1056.134,0.0736156,0.09457042570809004
1056.634,0.0735208,0.09456759523045277
1057.134,0.0734497,0.09456480737180806
1057.634,0.073426,0.09456206156248581
1058.134,0.0733549,0.09455935723924969
1058.634,0.0732838,0.09455669384524179
1059.134,0.0732364,0.09455407082992873
1059.634,0.073189,0.0945514876490472
1060.134,0.0730942,0.09454894376455036
1060.634,0.0731179,0.0945464386445537
1061.134,0.0730231,0.09454397176328166
1061.634,0.0729046,0.09454154260101488
1062.134,0.0727387,0.09453915064403595
1062.634,0.0725491,0.09453679538457749
1063.134,0.0723357,0.09453447632076939
1063.634,0.0722646,0.09453219295658577
1064.134,0.0722409,0.09452994480179377
1064.634,0.072075,0.0945277313719004
1065.134,0.071838,0.09452555218810221
